Date,Tenor : 1; Maturity : 0.0833333333333333,Tenor : 2; Maturity : 0.0833333333333333,Tenor : 3; Maturity : 0.0833333333333333,Tenor : 4; Maturity : 0.0833333333333333,Tenor : 5; Maturity : 0.0833333333333333,Tenor : 6; Maturity : 0.0833333333333333,Tenor : 7; Maturity : 0.0833333333333333,Tenor : 8; Maturity : 0.0833333333333333,Tenor : 9; Maturity : 0.0833333333333333,Tenor : 10; Maturity : 0.0833333333333333,Tenor : 15; Maturity : 0.0833333333333333,Tenor : 20; Maturity : 0.0833333333333333,Tenor : 25; Maturity : 0.0833333333333333,Tenor : 30; Maturity : 0.0833333333333333,Tenor : 1; Maturity : 0.25,Tenor : 2; Maturity : 0.25,Tenor : 3; Maturity : 0.25,Tenor : 4; Maturity : 0.25,Tenor : 5; Maturity : 0.25,Tenor : 6; Maturity : 0.25,Tenor : 7; Maturity : 0.25,Tenor : 8; Maturity : 0.25,Tenor : 9; Maturity : 0.25,Tenor : 10; Maturity : 0.25,Tenor : 15; Maturity : 0.25,Tenor : 20; Maturity : 0.25,Tenor : 25; Maturity : 0.25,Tenor : 30; Maturity : 0.25,Tenor : 1; Maturity : 0.5,Tenor : 2; Maturity : 0.5,Tenor : 3; Maturity : 0.5,Tenor : 4; Maturity : 0.5,Tenor : 5; Maturity : 0.5,Tenor : 6; Maturity : 0.5,Tenor : 7; Maturity : 0.5,Tenor : 8; Maturity : 0.5,Tenor : 9; Maturity : 0.5,Tenor : 10; Maturity : 0.5,Tenor : 15; Maturity : 0.5,Tenor : 20; Maturity : 0.5,Tenor : 25; Maturity : 0.5,Tenor : 30; Maturity : 0.5,Tenor : 1; Maturity : 0.75,Tenor : 2; Maturity : 0.75,Tenor : 3; Maturity : 0.75,Tenor : 4; Maturity : 0.75,Tenor : 5; Maturity : 0.75,Tenor : 6; Maturity : 0.75,Tenor : 7; Maturity : 0.75,Tenor : 8; Maturity : 0.75,Tenor : 9; Maturity : 0.75,Tenor : 10; Maturity : 0.75,Tenor : 15; Maturity : 0.75,Tenor : 20; Maturity : 0.75,Tenor : 25; Maturity : 0.75,Tenor : 30; Maturity : 0.75,Tenor : 1; Maturity : 1,Tenor : 2; Maturity : 1,Tenor : 3; Maturity : 1,Tenor : 4; Maturity : 1,Tenor : 5; Maturity : 1,Tenor : 6; Maturity : 1,Tenor : 7; Maturity : 1,Tenor : 8; Maturity : 1,Tenor : 9; Maturity : 1,Tenor : 10; Maturity : 1,Tenor : 15; Maturity : 1,Tenor : 20; Maturity : 1,Tenor : 25; Maturity : 1,Tenor : 30; Maturity : 1,Tenor : 1; Maturity : 1.5,Tenor : 2; Maturity : 1.5,Tenor : 3; Maturity : 1.5,Tenor : 4; Maturity : 1.5,Tenor : 5; Maturity : 1.5,Tenor : 6; Maturity : 1.5,Tenor : 7; Maturity : 1.5,Tenor : 8; Maturity : 1.5,Tenor : 9; Maturity : 1.5,Tenor : 10; Maturity : 1.5,Tenor : 15; Maturity : 1.5,Tenor : 20; Maturity : 1.5,Tenor : 25; Maturity : 1.5,Tenor : 30; Maturity : 1.5,Tenor : 1; Maturity : 2,Tenor : 2; Maturity : 2,Tenor : 3; Maturity : 2,Tenor : 4; Maturity : 2,Tenor : 5; Maturity : 2,Tenor : 6; Maturity : 2,Tenor : 7; Maturity : 2,Tenor : 8; Maturity : 2,Tenor : 9; Maturity : 2,Tenor : 10; Maturity : 2,Tenor : 15; Maturity : 2,Tenor : 20; Maturity : 2,Tenor : 25; Maturity : 2,Tenor : 30; Maturity : 2,Tenor : 1; Maturity : 3,Tenor : 2; Maturity : 3,Tenor : 3; Maturity : 3,Tenor : 4; Maturity : 3,Tenor : 5; Maturity : 3,Tenor : 6; Maturity : 3,Tenor : 7; Maturity : 3,Tenor : 8; Maturity : 3,Tenor : 9; Maturity : 3,Tenor : 10; Maturity : 3,Tenor : 15; Maturity : 3,Tenor : 20; Maturity : 3,Tenor : 25; Maturity : 3,Tenor : 30; Maturity : 3,Tenor : 1; Maturity : 4,Tenor : 2; Maturity : 4,Tenor : 3; Maturity : 4,Tenor : 4; Maturity : 4,Tenor : 5; Maturity : 4,Tenor : 6; Maturity : 4,Tenor : 7; Maturity : 4,Tenor : 8; Maturity : 4,Tenor : 9; Maturity : 4,Tenor : 10; Maturity : 4,Tenor : 15; Maturity : 4,Tenor : 20; Maturity : 4,Tenor : 25; Maturity : 4,Tenor : 30; Maturity : 4,Tenor : 1; Maturity : 5,Tenor : 2; Maturity : 5,Tenor : 3; Maturity : 5,Tenor : 4; Maturity : 5,Tenor : 5; Maturity : 5,Tenor : 6; Maturity : 5,Tenor : 7; Maturity : 5,Tenor : 8; Maturity : 5,Tenor : 9; Maturity : 5,Tenor : 10; Maturity : 5,Tenor : 15; Maturity : 5,Tenor : 20; Maturity : 5,Tenor : 25; Maturity : 5,Tenor : 30; Maturity : 5,Tenor : 1; Maturity : 7,Tenor : 2; Maturity : 7,Tenor : 3; Maturity : 7,Tenor : 4; Maturity : 7,Tenor : 5; Maturity : 7,Tenor : 6; Maturity : 7,Tenor : 7; Maturity : 7,Tenor : 8; Maturity : 7,Tenor : 9; Maturity : 7,Tenor : 10; Maturity : 7,Tenor : 15; Maturity : 7,Tenor : 20; Maturity : 7,Tenor : 25; Maturity : 7,Tenor : 30; Maturity : 7,Tenor : 1; Maturity : 10,Tenor : 2; Maturity : 10,Tenor : 3; Maturity : 10,Tenor : 4; Maturity : 10,Tenor : 5; Maturity : 10,Tenor : 6; Maturity : 10,Tenor : 7; Maturity : 10,Tenor : 8; Maturity : 10,Tenor : 9; Maturity : 10,Tenor : 10; Maturity : 10,Tenor : 15; Maturity : 10,Tenor : 20; Maturity : 10,Tenor : 25; Maturity : 10,Tenor : 30; Maturity : 10,Tenor : 1; Maturity : 15,Tenor : 2; Maturity : 15,Tenor : 3; Maturity : 15,Tenor : 4; Maturity : 15,Tenor : 5; Maturity : 15,Tenor : 6; Maturity : 15,Tenor : 7; Maturity : 15,Tenor : 8; Maturity : 15,Tenor : 9; Maturity : 15,Tenor : 10; Maturity : 15,Tenor : 15; Maturity : 15,Tenor : 20; Maturity : 15,Tenor : 25; Maturity : 15,Tenor : 30; Maturity : 15,Tenor : 1; Maturity : 20,Tenor : 2; Maturity : 20,Tenor : 3; Maturity : 20,Tenor : 4; Maturity : 20,Tenor : 5; Maturity : 20,Tenor : 6; Maturity : 20,Tenor : 7; Maturity : 20,Tenor : 8; Maturity : 20,Tenor : 9; Maturity : 20,Tenor : 10; Maturity : 20,Tenor : 15; Maturity : 20,Tenor : 20; Maturity : 20,Tenor : 25; Maturity : 20,Tenor : 30; Maturity : 20,Tenor : 1; Maturity : 25,Tenor : 2; Maturity : 25,Tenor : 3; Maturity : 25,Tenor : 4; Maturity : 25,Tenor : 5; Maturity : 25,Tenor : 6; Maturity : 25,Tenor : 7; Maturity : 25,Tenor : 8; Maturity : 25,Tenor : 9; Maturity : 25,Tenor : 10; Maturity : 25,Tenor : 15; Maturity : 25,Tenor : 20; Maturity : 25,Tenor : 25; Maturity : 25,Tenor : 30; Maturity : 25,Tenor : 1; Maturity : 30,Tenor : 2; Maturity : 30,Tenor : 3; Maturity : 30,Tenor : 4; Maturity : 30,Tenor : 5; Maturity : 30,Tenor : 6; Maturity : 30,Tenor : 7; Maturity : 30,Tenor : 8; Maturity : 30,Tenor : 9; Maturity : 30,Tenor : 10; Maturity : 30,Tenor : 15; Maturity : 30,Tenor : 20; Maturity : 30,Tenor : 25; Maturity : 30,Tenor : 30; Maturity : 30
25/12/2051,0.031051205,0.04068553,0.04326708,0.04531483,0.04607666,0.045323133,0.04493682,0.04482134,0.045073636,0.044225685,0.042974528,0.04063507,0.040507298,0.040852156,0.05880118,0.072842136,0.077648416,0.07892012,0.0809086,0.07750302,0.07913481,0.078192234,0.07848904,0.07784779,0.07395292,0.06968061,0.06984483,0.07059827,0.09339438,0.11021577,0.11332555,0.115445554,0.11611687,0.11521505,0.11160979,0.10970394,0.11122398,0.10718478,0.10010543,0.09720223,0.10014217,0.10031608,0.12566489,0.14267923,0.14453407,0.14471395,0.14402673,0.13774441,0.1382439,0.13624668,0.13581471,0.12997037,0.122811094,0.120111056,0.11832427,0.121431574,0.16140622,0.17093052,0.17061126,0.16859905,0.16753158,0.15888067,0.15724438,0.15338516,0.1522656,0.15270935,0.14045057,0.1380618,0.13703322,0.13588755,0.2119818,0.21463566,0.21079732,0.21057579,0.20233224,0.19645894,0.19156526,0.18676119,0.1829313,0.17664728,0.16979727,0.15934257,0.15897904,0.16186312,0.24637206,0.2509494,0.24330686,0.23530427,0.22970219,0.21892312,0.21750921,0.2090064,0.20644784,0.2056072,0.18561625,0.18015133,0.1785591,0.18594562,0.28940693,0.2787736,0.2719454,0.2673591,0.25559387,0.24984954,0.2475849,0.23955613,0.23479791,0.22725298,0.21670224,0.21235536,0.20874222,0.21008231,0.3091662,0.2994022,0.2890637,0.28518403,0.27455392,0.2722042,0.26088527,0.25245106,0.24757594,0.24140172,0.23437423,0.22953807,0.23160714,0.2324785,0.3198069,0.30673677,0.3032279,0.29071212,0.28460762,0.27663186,0.27031448,0.26562575,0.2627656,0.258991,0.24266541,0.2432627,0.24138482,0.24429013,0.32053322,0.31038293,0.30239287,0.29208672,0.29419225,0.2801975,0.2802673,0.26991138,0.27226782,0.26962996,0.26473683,0.26177582,0.25973657,0.27220973,0.30468518,0.30409858,0.29159015,0.2928355,0.2819035,0.28306508,0.28240338,0.27887908,0.27416685,0.27278236,0.2743349,0.27354133,0.28224644,0.2926369,0.30415574,0.30328667,0.2946836,0.29247546,0.298993,0.29642493,0.29738533,0.29557043,0.29741856,0.29801458,0.29495648,0.3038518,0.30885103,0.32368302,0.32726946,0.32861507,0.3310138,0.33133572,0.32869694,0.32632652,0.3227574,0.32118097,0.32259107,0.3262107,0.3299022,0.3333607,0.34860608,0.35896122,0.3550749,0.34897882,0.35023707,0.34779727,0.34971833,0.34355015,0.3495298,0.34359416,0.34517953,0.34595695,0.3562697,0.36901596,0.3823978,0.37188348,0.3662612,0.35900548,0.3619803,0.37031296,0.37057233,0.36965933,0.37402326,0.3682707,0.37204048,0.37094986,0.39164543,0.4048258,0.37501696,0.35695666
26/12/2051,0.03103009,0.04066807,0.043250345,0.04529893,0.04606316,0.04531139,0.04492708,0.044812523,0.04506556,0.04421836,0.042968616,0.040628478,0.040500414,0.040844776,0.058770146,0.07281687,0.07762344,0.07889922,0.08089019,0.07748678,0.07912246,0.078180395,0.07847997,0.07783983,0.073947266,0.06967182,0.06983572,0.07058875,0.0933638,0.11018867,0.11329977,0.11542799,0.11610246,0.11520193,0.111600086,0.1096939,0.111217044,0.107177384,0.10009743,0.097192965,0.1001323,0.1003065,0.12563403,0.14265528,0.14451775,0.1447047,0.14401196,0.13773513,0.13823529,0.13623825,0.13580926,0.12996243,0.122804634,0.12010227,0.11831282,0.121419705,0.16138169,0.17091195,0.17060006,0.16859704,0.16752328,0.15887313,0.15724042,0.1533776,0.15226185,0.15270615,0.14044437,0.1380511,0.1370205,0.13587408,0.21195416,0.2146275,0.2107896,0.21057902,0.20232782,0.19645154,0.19156194,0.1867552,0.18292719,0.17664295,0.16978942,0.15932947,0.15896471,0.16184555,0.24636224,0.250949,0.24330176,0.2353026,0.22969697,0.21891472,0.21750134,0.20900081,0.20644401,0.20560533,0.1856053,0.18013558,0.17854054,0.18592498,0.28940853,0.27877167,0.27194318,0.2673487,0.25558636,0.24984342,0.24757794,0.23955077,0.23478371,0.22724062,0.21668549,0.21233937,0.20872165,0.21005657,0.3091552,0.2993864,0.28905544,0.28517538,0.27454442,0.27219707,0.26087233,0.25243837,0.2475573,0.2413809,0.2343543,0.22951795,0.23158158,0.23245011,0.31979448,0.3067252,0.30321127,0.2907014,0.2845926,0.27661625,0.27029547,0.26560298,0.262746,0.25897062,0.24263772,0.2432339,0.24135286,0.24425864,0.32051516,0.3103598,0.30236617,0.29206014,0.29416737,0.2801714,0.28023738,0.2698773,0.27223784,0.2695985,0.2647038,0.26174143,0.25969997,0.27216655,0.30465648,0.304067,0.2915584,0.29280135,0.28186855,0.28302878,0.28236735,0.27884176,0.27413118,0.27274683,0.27429658,0.27350196,0.28220257,0.2925903,0.304111,0.30324283,0.29464123,0.29243198,0.29894987,0.29638103,0.29734138,0.2955257,0.29737288,0.29796854,0.2949075,0.30379966,0.3087963,0.3236262,0.32722047,0.32856515,0.3309622,0.3312834,0.3286453,0.326275,0.32270658,0.3211262,0.32253572,0.3261532,0.32983965,0.33329242,0.34853557,0.35888973,0.35501498,0.34891722,0.3501819,0.34773907,0.34965682,0.34348798,0.3494648,0.3435256,0.34510925,0.34588468,0.356193,0.36894402,0.38231748,0.37181723,0.36616328,0.35890836,0.3618855,0.37021878,0.37047628,0.36956248,0.3739256,0.3681735,0.37194455,0.3708552,0.39155,0.40473,0.3749364,0.35689196
27/12/2051,0.03101217,0.04065325,0.043236144,0.045285437,0.046051696,0.045301422,0.044918813,0.044805042,0.045058705,0.044212148,0.0429636,0.04062288,0.040494565,0.04083851,0.058743805,0.07279542,0.077602245,0.07888148,0.08087458,0.07747301,0.07911199,0.07817034,0.07847227,0.07783308,0.07394247,0.06966435,0.069828,0.07058068,0.09333785,0.11016567,0.11327789,0.11541309,0.11609022,0.11519079,0.11159185,0.10968538,0.11121115,0.1071711,0.10009065,0.097185105,0.10012393,0.10029838,0.12560783,0.14263497,0.14450389,0.14469686,0.14399944,0.13772725,0.13822798,0.13623108,0.13580464,0.12995568,0.12279916,0.12009481,0.118303105,0.12140964,0.16136087,0.1708962,0.17059053,0.16859533,0.16751623,0.15886673,0.15723705,0.15337116,0.15225868,0.15270343,0.14043911,0.138042,0.1370097,0.13586263,0.2119307,0.2146206,0.21078306,0.21058175,0.20232406,0.19644526,0.19155914,0.18675011,0.1829237,0.17663927,0.16978276,0.15931836,0.15895253,0.16183063,0.2463539,0.2509486,0.24329744,0.23530118,0.22969253,0.21890758,0.21749467,0.20899609,0.20644076,0.20560375,0.18559599,0.1801222,0.1785248,0.18590747,0.2894099,0.27877003,0.27194127,0.26733986,0.25557998,0.24983822,0.24757203,0.23954621,0.23477165,0.22723013,0.21667127,0.21232578,0.20870419,0.21003471,0.30914587,0.299373,0.28904846,0.28516802,0.27453634,0.27219105,0.26086137,0.2524276,0.24754149,0.24136324,0.2343374,0.22950087,0.23155992,0.23242602,0.3197839,0.3067154,0.30319718,0.29069227,0.28457984,0.27660298,0.27027935,0.26558366,0.26272938,0.2589533,0.24261424,0.24320947,0.24132572,0.24423191,0.32049984,0.31034017,0.30234352,0.29203758,0.29414627,0.28014922,0.28021196,0.2698484,0.27221236,0.2695718,0.26467577,0.26171222,0.25966895,0.27212986,0.3046321,0.30404016,0.29153147,0.29277238,0.28183886,0.28299797,0.28233674,0.27881008,0.2741009,0.2727167,0.27426404,0.27346852,0.28216535,0.29255074,0.30407304,0.3032056,0.29460526,0.2923951,0.2989133,0.2963438,0.2973041,0.29548773,0.2973341,0.29792944,0.29486597,0.3037554,0.3087498,0.32357794,0.32717893,0.32852277,0.33091843,0.33123896,0.32860145,0.32623124,0.32266343,0.3210797,0.32248875,0.32610437,0.32978657,0.33323446,0.34847572,0.35882905,0.35496414,0.3488649,0.35013512,0.34768963,0.3496046,0.3434352,0.34940964,0.34346738,0.3450496,0.34582332,0.35612795,0.36888292,0.3822493,0.371761,0.36608014,0.35882592,0.36180502,0.37013882,0.37039474,0.36948022,0.37384272,0.36809102,0.3718631,0.3707749,0.39146903,0.4046487,0.37486804,0.35683706
28/12/2051,0.031001734,0.04064462,0.043227874,0.045277577,0.046045024,0.04529562,0.044914,0.044800688,0.045054715,0.044208527,0.04296068,0.04061962,0.04049116,0.040834863,0.058728464,0.07278293,0.0775899,0.078871146,0.08086548,0.07746498,0.07910589,0.07816448,0.07846779,0.077829145,0.07393967,0.06966001,0.0698235,0.07057598,0.09332273,0.11015228,0.11326515,0.11540441,0.1160831,0.1151843,0.111587055,0.109680414,0.11120772,0.107167445,0.100086704,0.09718052,0.10011905,0.10029365,0.12559257,0.14262313,0.14449583,0.14469229,0.14399214,0.13772266,0.13822374,0.1362269,0.13580194,0.12995175,0.12279597,0.12009047,0.11829745,0.12140377,0.16134876,0.17088702,0.17058499,0.16859433,0.16751213,0.15886301,0.15723509,0.15336742,0.15225683,0.15270185,0.14043604,0.1380367,0.1370034,0.13585597,0.21191706,0.21461658,0.21077925,0.21058334,0.20232187,0.1964416,0.1915575,0.18674716,0.18292166,0.17663714,0.16977887,0.15931189,0.15894544,0.16182196,0.24634904,0.2509484,0.24329492,0.23530036,0.22968996,0.21890342,0.21749078,0.20899333,0.20643887,0.20560282,0.18559058,0.1801144,0.17851564,0.18589728,0.2894107,0.27876908,0.27194017,0.2673347,0.25557625,0.2498352,0.24756859,0.23954356,0.23476464,0.22722402,0.21666299,0.21231787,0.20869403,0.210022,0.3091404,0.2993652,0.2890444,0.28516376,0.27453163,0.27218753,0.26085496,0.25242132,0.24753228,0.24135296,0.23432755,0.22949094,0.23154728,0.23241198,0.31977776,0.30670968,0.30318895,0.29068696,0.2845724,0.27659526,0.27026996,0.26557243,0.2627197,0.25894323,0.24260056,0.24319522,0.24130993,0.24421634,0.3204909,0.31032875,0.30233032,0.29202443,0.29413396,0.28013632,0.28019714,0.2698316,0.27219754,0.26955628,0.26465943,0.2616952,0.25965086,0.2721085,0.3046179,0.30402455,0.2915158,0.29275548,0.28182158,0.28298002,0.28231895,0.27879164,0.27408326,0.27269915,0.2742451,0.27344903,0.28214368,0.2925277,0.30405092,0.3031839,0.2945843,0.29237363,0.298892,0.2963221,0.29728234,0.29546562,0.29731154,0.29790667,0.29484177,0.30372962,0.30872273,0.32354987,0.32715473,0.3284981,0.33089295,0.33121306,0.32857594,0.32620576,0.3226383,0.3210526,0.3224614,0.32607594,0.32975566,0.3332007,0.3484409,0.35879374,0.3549345,0.34883446,0.35010785,0.34766087,0.3495742,0.34340447,0.34937748,0.3434335,0.34501484,0.34578758,0.35609004,0.36884737,0.3822096,0.37172824,0.36603174,0.35877794,0.36175817,0.37009227,0.37034723,0.36943236,0.37379447,0.36804298,0.37181565,0.3707281,0.39142188,0.40460134,0.37482822,0.3568051
29/12/2051,0.030981958,0.040628262,0.043212198,0.045262687,0.046032377,0.04528462,0.044904877,0.04479243,0.04504715,0.04420167,0.042955145,0.040613443,0.04048471,0.04082795,0.05869939,0.07275926,0.077566504,0.07885157,0.08084824,0.077449776,0.079094335,0.07815339,0.07845929,0.07782169,0.073934376,0.06965177,0.06981497,0.07056707,0.09329409,0.1101269,0.113240995,0.11538797,0.1160696,0.115172006,0.111577965,0.10967101,0.11120123,0.107160516,0.100079216,0.09717185,0.1001098,0.10028468,0.12556365,0.1426007,0.14448054,0.14468363,0.14397833,0.13771395,0.13821568,0.13621901,0.13579684,0.12994431,0.12278992,0.120082244,0.11828673,0.12139266,0.16132578,0.17086963,0.1705745,0.16859244,0.16750436,0.15885594,0.15723138,0.1533603,0.15225333,0.15269886,0.14043023,0.13802665,0.13699149,0.13584337,0.21189117,0.21460895,0.21077202,0.21058637,0.20231771,0.19643468,0.1915544,0.18674155,0.1829178,0.17663309,0.16977152,0.15929961,0.158932,0.1618055,0.24633983,0.25094798,0.24329014,0.2352988,0.22968507,0.21889554,0.21748342,0.2089881,0.2064353,0.20560107,0.18558031,0.18009965,0.17849828,0.18587795,0.2894122,0.27876726,0.2719381,0.26732495,0.25556922,0.24982946,0.24756207,0.23953854,0.23475133,0.22721244,0.2166473,0.21230288,0.20867477,0.20999789,0.30913013,0.2993504,0.2890367,0.28515565,0.27452272,0.27218089,0.26084286,0.25240946,0.24751483,0.24133347,0.2343089,0.2294721,0.23152336,0.23238538,0.3197661,0.30669886,0.3031734,0.2906769,0.28455833,0.27658063,0.27025214,0.26555112,0.26270136,0.25892413,0.24257463,0.24316826,0.24127997,0.24418685,0.320474,0.31030706,0.3023053,0.29199955,0.2941107,0.28011188,0.2801691,0.26979968,0.27216944,0.2695268,0.2646285,0.261663,0.25961658,0.27206802,0.304591,0.30399498,0.29148605,0.2927235,0.28178883,0.28294602,0.28228518,0.2787567,0.27404982,0.27266586,0.2742092,0.27341214,0.2821026,0.29248405,0.30400905,0.30314285,0.29454458,0.29233292,0.2988516,0.296281,0.29724118,0.29542375,0.29726878,0.29786354,0.29479593,0.30368078,0.3086714,0.32349664,0.32710886,0.32845134,0.3308446,0.33116403,0.32852757,0.32615748,0.3225907,0.32100132,0.32240957,0.32602206,0.32969707,0.33313674,0.34837484,0.35872677,0.3548784,0.34877676,0.35005617,0.34760633,0.3495166,0.3433462,0.3493166,0.34336928,0.34494898,0.34571987,0.35601822,0.36878,0.38213435,0.37166616,0.36594,0.35868695,0.36166936,0.37000403,0.37025726,0.3693416,0.37370297,0.36795196,0.3717258,0.37063947,0.39133254,0.40451157,0.37475276,0.3567445
01/01/2052,0.030955117,0.040606067,0.04319093,0.045242473,0.04601521,0.04526969,0.044892494,0.044781223,0.045036886,0.04419236,0.04294763,0.04060506,0.040475953,0.04081857,0.05865994,0.072727144,0.07753475,0.078825,0.08082485,0.07742914,0.079078645,0.07813833,0.07844777,0.07781157,0.073927194,0.06964059,0.0698034,0.07055499,0.09325523,0.11009245,0.11320822,0.11536565,0.11605128,0.115155324,0.111565635,0.10965825,0.11119241,0.107151106,0.10006906,0.09716008,0.100097254,0.100272514,0.12552442,0.14257026,0.1444598,0.14467189,0.14395957,0.13770215,0.13820472,0.1362083,0.13578992,0.1299342,0.12278171,0.120071076,0.11827218,0.12137757,0.16129461,0.17084605,0.17056024,0.16858988,0.1674938,0.15884636,0.15722634,0.15335068,0.15224858,0.1526948,0.14042234,0.13801304,0.13697532,0.13582623,0.21185604,0.2145986,0.21076222,0.21059047,0.20231208,0.19642526,0.19155018,0.18673393,0.18291257,0.17662758,0.16976154,0.15928297,0.15891376,0.16178316,0.24632733,0.25094742,0.24328366,0.23529668,0.22967842,0.21888484,0.2174734,0.208981,0.20643042,0.2055987,0.18556638,0.18007962,0.17847471,0.18585171,0.28941426,0.27876478,0.27193525,0.26731172,0.25555968,0.24982166,0.24755321,0.23953173,0.23473327,0.22719672,0.216626,0.21228254,0.20864864,0.20996517,0.30911615,0.29933032,0.28902623,0.28514466,0.27451062,0.27217185,0.2608264,0.2523933,0.24749114,0.24130702,0.23428357,0.22944653,0.2314909,0.23234928,0.31975028,0.30668414,0.30315223,0.29066324,0.2845392,0.27656078,0.27022797,0.26552218,0.26267645,0.2588982,0.24253944,0.24313165,0.24123934,0.24414681,0.32045105,0.31027767,0.3022714,0.29196575,0.29407907,0.28007868,0.28013104,0.2697564,0.2721313,0.26948684,0.26458648,0.26161927,0.2595701,0.2720131,0.30455452,0.3039548,0.29144573,0.2926801,0.2817444,0.28289986,0.28223938,0.27870926,0.27400446,0.2726207,0.27416047,0.27336207,0.28204685,0.2924248,0.3039522,0.3030871,0.2944907,0.29227766,0.2987968,0.29622522,0.2971853,0.29536688,0.2972107,0.29780498,0.2947337,0.3036145,0.30860183,0.32342437,0.3270466,0.32838786,0.33077905,0.33109748,0.32846192,0.32609197,0.3225261,0.32093167,0.3223392,0.32594895,0.32961756,0.33304995,0.34828523,0.35863587,0.35480225,0.34869844,0.34998608,0.3475323,0.34943843,0.34326717,0.34923396,0.3432821,0.34485963,0.345628,0.35592076,0.3686885,0.38203225,0.37158194,0.3658155,0.3585635,0.36154887,0.36988428,0.37013513,0.36921844,0.37357885,0.3678284,0.37160382,0.37051916,0.39121124,0.4043898,0.37465036,0.35666227
02/01/2052,0.030943794,0.0405967,0.043181956,0.04523395,0.046007972,0.045263395,0.04488727,0.044776496,0.045032553,0.044188432,0.04294446,0.040601525,0.04047226,0.04081461,0.058643296,0.07271359,0.077521354,0.07881379,0.08081498,0.077420436,0.07907203,0.078131974,0.0784429,0.07780731,0.07392416,0.069635876,0.06979852,0.07054988,0.09323883,0.110077925,0.1131944,0.11535623,0.11604355,0.11514828,0.111560434,0.10965286,0.111188695,0.10714714,0.10006478,0.09715511,0.100091964,0.10026738,0.12550786,0.14255743,0.14445105,0.14466693,0.14395165,0.13769718,0.13820012,0.13620377,0.135787,0.12992994,0.12277825,0.12006637,0.11826604,0.12137121,0.16128145,0.17083608,0.17055424,0.16858879,0.16748935,0.15884233,0.15722421,0.15334661,0.15224656,0.1526931,0.14041902,0.1380073,0.1369685,0.135819,0.21184123,0.21459423,0.21075808,0.2105922,0.2023097,0.1964213,0.1915484,0.18673073,0.18291037,0.17662527,0.16975732,0.15927595,0.15890607,0.16177374,0.24632205,0.25094718,0.24328093,0.23529577,0.22967562,0.21888033,0.21746919,0.20897803,0.20642836,0.2055977,0.18556051,0.18007116,0.17846477,0.18584065,0.28941512,0.27876374,0.27193406,0.26730612,0.25555566,0.24981838,0.24754947,0.23952885,0.23472565,0.22719009,0.21661702,0.21227396,0.20863761,0.20995136,0.30911025,0.29932186,0.28902182,0.28514,0.27450553,0.27216804,0.26081946,0.2523865,0.24748114,0.24129586,0.2342729,0.22943574,0.2314772,0.23233406,0.3197436,0.30667794,0.30314332,0.29065746,0.28453115,0.2765524,0.27021778,0.26551,0.26266596,0.25888726,0.2425246,0.24311621,0.2412222,0.24412991,0.32044137,0.31026524,0.30225706,0.2919515,0.2940657,0.2800647,0.28011498,0.26973814,0.2721152,0.26946998,0.26456878,0.26160082,0.25955048,0.27198994,0.3045391,0.30393785,0.29142871,0.2926618,0.28172565,0.28288037,0.28222007,0.27868927,0.27398533,0.27260166,0.27413994,0.27334094,0.28202334,0.29239982,0.3039282,0.30306357,0.29446796,0.29225436,0.29877368,0.29620168,0.29716173,0.2953429,0.29718623,0.29778028,0.29470745,0.30358654,0.30857244,0.3233939,0.32702035,0.32836106,0.3307514,0.3310694,0.32843423,0.32606432,0.32249883,0.3209023,0.32230952,0.3259181,0.32958403,0.33301333,0.34824744,0.35859755,0.35477012,0.3486654,0.34995648,0.34750107,0.34940544,0.34323382,0.3491991,0.34324533,0.34482193,0.34558922,0.35587963,0.36864993,0.38198915,0.37154642,0.36576298,0.35851142,0.36149803,0.36983377,0.37008363,0.3691665,0.37352648,0.36777627,0.37155235,0.3704684,0.3911601,0.4043384,0.37460715,0.35662758
03/01/2052,0.030978769,0.040625628,0.043209672,0.045260284,0.04603034,0.04528285,0.044903405,0.0447911,0.04504593,0.044200562,0.04295425,0.040612448,0.04048367,0.040826835,0.058694705,0.07275545,0.07756273,0.078848414,0.08084547,0.077447325,0.07909247,0.0781516,0.07845792,0.07782049,0.07393353,0.06965044,0.0698136,0.07056564,0.09328948,0.11012281,0.113237105,0.11538532,0.116067424,0.115170024,0.111576505,0.10966949,0.11120018,0.1071594,0.10007802,0.09717045,0.10010831,0.100283235,0.12555899,0.1425971,0.14447808,0.14468224,0.14397609,0.13771255,0.13821438,0.13621774,0.13579603,0.1299431,0.12278894,0.12008092,0.118285,0.121390864,0.16132209,0.17086683,0.1705728,0.16859213,0.1675031,0.15885481,0.15723078,0.15335916,0.15225276,0.15269838,0.14042929,0.13802505,0.13698956,0.13584132,0.211887,0.21460772,0.21077086,0.21058685,0.20231704,0.19643356,0.19155389,0.18674064,0.18291718,0.17663243,0.16977033,0.15929765,0.15892984,0.16180284,0.24633834,0.2509479,0.24328938,0.23529854,0.22968428,0.21889427,0.21748222,0.20898727,0.20643471,0.20560078,0.18557866,0.18009727,0.17849548,0.18587483,0.28941244,0.27876696,0.27193776,0.26732337,0.2555681,0.24982853,0.24756101,0.23953773,0.23474918,0.22721057,0.21664476,0.21230046,0.20867167,0.209994,0.30912846,0.29934803,0.28903544,0.28515434,0.2745213,0.2721798,0.2608409,0.25240752,0.24751201,0.24133033,0.23430589,0.22946906,0.2315195,0.23238109,0.31976423,0.3066971,0.30317086,0.29067528,0.28455606,0.27657828,0.27024928,0.26554766,0.26269838,0.25892106,0.24257044,0.24316391,0.24127516,0.24418208,0.32047126,0.31030357,0.3023013,0.29199553,0.29410693,0.28010795,0.2801646,0.26979455,0.2721649,0.26952207,0.2646235,0.2616578,0.25961107,0.27206153,0.30458668,0.30399022,0.2914813,0.29271835,0.28178355,0.28294054,0.28227976,0.27875108,0.27404445,0.2726605,0.27420342,0.2734062,0.282096,0.292477,0.30400229,0.30313623,0.2945382,0.29232636,0.29884508,0.29627436,0.29723454,0.29541698,0.29726186,0.29785657,0.29478854,0.3036729,0.30866316,0.32348806,0.32710147,0.3284438,0.33083683,0.33115613,0.32851976,0.3261497,0.32258302,0.32099304,0.32240123,0.3260134,0.32968763,0.33312643,0.3483642,0.35871598,0.35486937,0.34876746,0.35004786,0.34759754,0.34950733,0.34333682,0.3493068,0.34335893,0.34493837,0.34570897,0.35600665,0.3687691,0.38212222,0.37165618,0.36592522,0.3586723,0.36165506,0.3699898,0.37024274,0.36932698,0.37368825,0.36793727,0.3717113,0.3706252,0.3913181,0.40449712,0.3747406,0.35673472
04/01/2052,0.030823398,0.040497135,0.04308654,0.04514329,0.045930978,0.04519643,0.044831734,0.044726234,0.044986505,0.044146676,0.042910762,0.04056392,0.040432986,0.040772527,0.058466323,0.0725695,0.077378936,0.07869461,0.08071005,0.07732787,0.07900167,0.078064434,0.07839119,0.077761926,0.07389193,0.06958574,0.06974661,0.07049565,0.09306448,0.109923415,0.113047384,0.1152561,0.11596137,0.11507344,0.111505106,0.109595604,0.11114914,0.10710495,0.10001922,0.0971023,0.10003569,0.10021279,0.12533183,0.14242089,0.144358,0.14461422,0.14386751,0.13764422,0.13815103,0.13615566,0.13575593,0.12988463,0.12274143,0.12001628,0.11820076,0.12130356,0.1611416,0.17073022,0.17049031,0.16857727,0.16744201,0.15879937,0.15720162,0.15330338,0.15222524,0.15267487,0.14038366,0.13794617,0.13689592,0.13574219,0.21168365,0.21454781,0.21071409,0.21061057,0.20228443,0.19637911,0.19152951,0.18669656,0.18288688,0.17660059,0.16971254,0.15920125,0.15882427,0.16167356,0.24626599,0.25094464,0.24325186,0.23528627,0.22964585,0.21883236,0.21742433,0.20894623,0.20640653,0.20558704,0.18549803,0.1799813,0.17835905,0.18572299,0.28942427,0.27875268,0.27192134,0.26724675,0.25551283,0.24978346,0.24750976,0.23949827,0.23464465,0.22711961,0.21652149,0.21218272,0.20852035,0.20980458,0.30904755,0.2992318,0.28897488,0.28509066,0.27445132,0.27212754,0.2607457,0.25231415,0.24737489,0.24117722,0.2341593,0.22932105,0.23133156,0.23217215,0.31967267,0.306612,0.30304852,0.29059622,0.2844454,0.27646333,0.27010936,0.26538023,0.26255423,0.25877097,0.24236675,0.24295203,0.24103992,0.24395034,0.3203384,0.31013334,0.30210486,0.29179996,0.29392388,0.27991584,0.27994424,0.26954398,0.27194414,0.26929066,0.2643804,0.26140466,0.25934187,0.27174357,0.3043754,0.30375773,0.29124773,0.29246706,0.2815263,0.28267333,0.28201458,0.2784765,0.27378184,0.2723991,0.27392137,0.2731163,0.2817733,0.29213408,0.30367315,0.30281347,0.29422626,0.29200655,0.29852787,0.2959515,0.29691106,0.29508784,0.29692578,0.29751766,0.2944283,0.3032892,0.30826017,0.3230698,0.3267411,0.32807636,0.33045724,0.33077088,0.32813975,0.32577044,0.32220903,0.32058993,0.32199395,0.32559013,0.32922742,0.33262396,0.3478454,0.3581899,0.35442847,0.34831408,0.34964198,0.34716904,0.34905472,0.34287924,0.34882838,0.34285435,0.3444211,0.34517702,0.35544243,0.36823964,0.38153112,0.37116858,0.36520448,0.35795763,0.36095747,0.36929664,0.36953583,0.36861405,0.37296966,0.3672221,0.3710052,0.36992875,0.3906161,0.40379205,0.3741478,0.35625875
05/01/2052,0.030823478,0.040497202,0.043086607,0.04514335,0.04593103,0.045196477,0.04483177,0.044726267,0.04498654,0.044146705,0.042910784,0.040563945,0.040433012,0.040772554,0.058466442,0.0725696,0.07737903,0.078694694,0.08071013,0.07732794,0.07900172,0.07806448,0.078391224,0.077761956,0.07389195,0.06958578,0.06974665,0.07049569,0.09306459,0.10992352,0.11304748,0.11525617,0.11596143,0.115073495,0.11150514,0.10959565,0.11114917,0.10710497,0.10001925,0.09710233,0.10003573,0.10021283,0.12533195,0.14242098,0.14435805,0.14461426,0.14386757,0.13764426,0.13815106,0.1361557,0.13575596,0.12988466,0.12274145,0.120016314,0.1182008,0.1213036,0.16114171,0.1707303,0.17049035,0.16857728,0.16744204,0.1587994,0.15720163,0.15330341,0.15222526,0.15267487,0.14038369,0.13794622,0.13689597,0.13574223,0.21168375,0.21454784,0.21071412,0.21061055,0.20228446,0.19637914,0.19152953,0.18669659,0.1828869,0.1766006,0.16971257,0.15920131,0.15882432,0.16167362,0.24626604,0.25094464,0.24325189,0.23528627,0.22964586,0.21883239,0.21742436,0.20894624,0.20640655,0.20558704,0.18549807,0.17998137,0.17835912,0.18572308,0.28942427,0.27875268,0.27192134,0.26724678,0.25551286,0.24978347,0.24750979,0.23949829,0.23464471,0.22711965,0.21652155,0.21218278,0.20852044,0.20980468,0.3090476,0.29923186,0.2889749,0.28509068,0.27445135,0.27212757,0.26074576,0.2523142,0.24737497,0.24117729,0.23415938,0.22932112,0.23133165,0.23217225,0.3196727,0.30661204,0.30304858,0.29059625,0.28444546,0.2764634,0.27010944,0.26538032,0.26255432,0.25877106,0.24236687,0.24295214,0.24104005,0.24395046,0.32033846,0.31013343,0.30210495,0.29180008,0.29392397,0.27991593,0.27994436,0.2695441,0.27194425,0.26929078,0.2643805,0.26140478,0.259342,0.2717437,0.30437553,0.30375785,0.29124784,0.2924672,0.28152642,0.28267348,0.2820147,0.27847666,0.27378199,0.27239925,0.27392152,0.27311644,0.28177348,0.29213426,0.30367333,0.30281365,0.2942264,0.2920067,0.29852802,0.29595163,0.29691124,0.29508802,0.29692596,0.29751784,0.2944285,0.3032894,0.30826038,0.32307005,0.3267413,0.32807657,0.33045742,0.3307711,0.32813996,0.32577065,0.32220924,0.32059014,0.32199416,0.32559037,0.32922766,0.33262423,0.34784567,0.35819018,0.3544287,0.34831432,0.3496422,0.34716928,0.34905496,0.3428795,0.34882864,0.34285462,0.34442136,0.34517732,0.35544273,0.3682399,0.38153142,0.37116885,0.36520487,0.35795802,0.36095783,0.36929703,0.3695362,0.3686144,0.37297004,0.3672225,0.37100556,0.36992913,0.39061645,0.40379244,0.37414813,0.356259
08/01/2052,0.030823525,0.04049724,0.04308664,0.04514339,0.04593106,0.0451965,0.044831794,0.044726286,0.044986553,0.04414672,0.042910796,0.04056396,0.040433027,0.040772572,0.058466513,0.07256965,0.077379085,0.07869474,0.080710165,0.07732797,0.07900175,0.0780645,0.07839124,0.07776197,0.07389196,0.06958579,0.06974667,0.07049571,0.09306466,0.10992358,0.11304754,0.11525621,0.11596146,0.115073524,0.111505166,0.10959567,0.111149184,0.107104994,0.10001926,0.09710235,0.10003575,0.10021285,0.12533203,0.14242104,0.1443581,0.14461428,0.1438676,0.13764428,0.1381511,0.13615572,0.13575597,0.12988468,0.12274147,0.12001633,0.11820083,0.121303625,0.16114175,0.17073034,0.17049037,0.16857728,0.16744205,0.15879941,0.15720163,0.15330343,0.15222526,0.15267488,0.1403837,0.13794625,0.136896,0.13574226,0.21168381,0.21454786,0.21071413,0.21061054,0.20228446,0.19637915,0.19152953,0.1866966,0.1828869,0.1766006,0.16971259,0.15920134,0.15882435,0.16167367,0.24626605,0.25094464,0.2432519,0.23528627,0.22964588,0.21883242,0.21742438,0.20894626,0.20640656,0.20558704,0.18549809,0.17998141,0.17835915,0.18572313,0.28942427,0.27875268,0.27192134,0.2672468,0.2555129,0.24978349,0.2475098,0.2394983,0.23464474,0.22711968,0.21652159,0.2121828,0.20852049,0.20980473,0.30904764,0.2992319,0.28897494,0.2850907,0.27445135,0.2721276,0.2607458,0.25231424,0.24737501,0.24117734,0.23415942,0.22932117,0.2313317,0.23217231,0.31967273,0.30661207,0.30304864,0.29059628,0.2844455,0.27646345,0.27010947,0.26538038,0.26255435,0.2587711,0.24236692,0.24295221,0.24104011,0.24395053,0.32033852,0.3101335,0.302105,0.29180014,0.29392403,0.279916,0.27994445,0.26954418,0.2719443,0.26929083,0.2643806,0.26140487,0.2593421,0.2717438,0.3043756,0.3037579,0.2912479,0.29246727,0.2815265,0.28267357,0.2820148,0.27847672,0.27378207,0.2723993,0.2739216,0.27311653,0.28177357,0.29213434,0.30367342,0.30281374,0.2942265,0.2920068,0.2985281,0.29595172,0.29691133,0.2950881,0.29692608,0.29751796,0.2944286,0.3032895,0.3082605,0.32307017,0.3267414,0.3280767,0.33045754,0.33077118,0.32814008,0.32577074,0.32220933,0.32059026,0.32199427,0.3255905,0.3292278,0.33262438,0.34784585,0.35819033,0.35442886,0.34831446,0.34964234,0.3471694,0.34905508,0.34287962,0.3488288,0.34285477,0.3444215,0.34517747,0.3554429,0.36824006,0.3815316,0.37116897,0.36520508,0.35795823,0.36095804,0.36929724,0.3695364,0.3686146,0.37297025,0.3672227,0.37100577,0.36992934,0.39061666,0.40379265,0.3741483,0.35625914
09/01/2052,0.030823544,0.040497255,0.043086655,0.0451434,0.04593107,0.04519651,0.0448318,0.044726294,0.04498656,0.044146728,0.042910803,0.040563967,0.04043303,0.040772576,0.05846654,0.072569676,0.07737911,0.07869475,0.08071018,0.07732798,0.079001755,0.078064516,0.07839125,0.07776198,0.07389197,0.0695858,0.06974668,0.07049572,0.09306469,0.1099236,0.11304756,0.11525623,0.11596147,0.11507354,0.11150517,0.10959568,0.11114919,0.107104994,0.10001927,0.09710236,0.10003576,0.10021286,0.12533204,0.14242105,0.14435811,0.1446143,0.14386761,0.13764429,0.1381511,0.13615572,0.13575597,0.12988468,0.122741476,0.12001634,0.11820084,0.12130364,0.16114178,0.17073035,0.17049038,0.16857728,0.16744207,0.15879941,0.15720163,0.15330344,0.15222527,0.15267488,0.1403837,0.13794625,0.13689601,0.13574228,0.21168384,0.21454787,0.21071413,0.21061054,0.20228447,0.19637915,0.19152953,0.1866966,0.1828869,0.17660062,0.1697126,0.15920134,0.15882435,0.16167368,0.24626607,0.25094464,0.2432519,0.23528627,0.22964588,0.21883242,0.21742438,0.20894626,0.20640656,0.20558704,0.1854981,0.17998143,0.17835917,0.18572314,0.28942427,0.27875268,0.27192134,0.2672468,0.2555129,0.2497835,0.24750982,0.2394983,0.23464476,0.22711968,0.2165216,0.21218282,0.2085205,0.20980476,0.30904764,0.29923192,0.28897494,0.2850907,0.27445138,0.2721276,0.2607458,0.25231424,0.24737503,0.24117737,0.23415944,0.2293212,0.23133174,0.23217234,0.31967273,0.3066121,0.30304864,0.29059628,0.2844455,0.27646345,0.2701095,0.26538038,0.26255438,0.25877112,0.24236694,0.24295223,0.24104014,0.24395056,0.32033852,0.3101335,0.30210504,0.29180014,0.29392403,0.27991602,0.27994445,0.2695442,0.27194434,0.26929086,0.26438063,0.2614049,0.25934213,0.27174386,0.30437562,0.30375794,0.29124793,0.2924673,0.28152654,0.2826736,0.28201482,0.27847677,0.2737821,0.27239934,0.27392164,0.27311656,0.2817736,0.29213437,0.30367348,0.3028138,0.29422656,0.29200685,0.29852816,0.29595178,0.29691136,0.29508814,0.2969261,0.297518,0.29442865,0.30328956,0.30826056,0.32307023,0.32674146,0.32807672,0.3304576,0.33077124,0.3281401,0.3257708,0.3222094,0.32059032,0.32199433,0.32559052,0.32922783,0.33262444,0.3478459,0.3581904,0.3544289,0.34831452,0.34964237,0.34716946,0.34905514,0.34287968,0.34882885,0.34285483,0.34442157,0.34517753,0.35544297,0.36824012,0.38153166,0.37116903,0.36520517,0.35795832,0.36095813,0.3692973,0.3695365,0.3686147,0.37297034,0.3672228,0.37100586,0.3699294,0.39061674,0.40379274,0.37414837,0.3562592
10/01/2052,0.030823538,0.04049725,0.04308665,0.045143396,0.045931067,0.045196507,0.044831797,0.044726294,0.04498656,0.044146724,0.0429108,0.040563963,0.04043303,0.040772576,0.05846653,0.07256967,0.0773791,0.07869475,0.08071017,0.07732798,0.079001755,0.07806451,0.07839125,0.07776198,0.07389197,0.0695858,0.06974667,0.07049572,0.09306468,0.10992359,0.113047555,0.11525622,0.11596147,0.11507353,0.11150517,0.10959567,0.111149184,0.107104994,0.10001927,0.09710236,0.10003575,0.10021286,0.12533204,0.14242105,0.1443581,0.14461428,0.1438676,0.13764428,0.1381511,0.13615572,0.13575597,0.12988468,0.122741476,0.12001634,0.11820083,0.12130363,0.16114177,0.17073035,0.17049038,0.16857728,0.16744207,0.15879941,0.15720163,0.15330344,0.15222526,0.15267488,0.1403837,0.13794625,0.13689601,0.13574228,0.21168382,0.21454787,0.21071413,0.21061054,0.20228446,0.19637915,0.19152953,0.1866966,0.1828869,0.1766006,0.1697126,0.15920134,0.15882435,0.16167368,0.24626605,0.25094464,0.2432519,0.23528627,0.22964588,0.21883242,0.21742438,0.20894626,0.20640656,0.20558704,0.1854981,0.17998141,0.17835917,0.18572313,0.28942427,0.27875268,0.27192134,0.2672468,0.2555129,0.2497835,0.2475098,0.2394983,0.23464474,0.22711968,0.21652159,0.21218282,0.20852049,0.20980474,0.30904764,0.29923192,0.28897494,0.2850907,0.27445138,0.2721276,0.2607458,0.25231424,0.24737501,0.24117735,0.23415944,0.22932118,0.23133172,0.23217233,0.31967273,0.3066121,0.30304864,0.29059628,0.2844455,0.27646345,0.2701095,0.26538038,0.26255438,0.25877112,0.24236694,0.24295223,0.24104014,0.24395055,0.32033852,0.3101335,0.30210504,0.29180014,0.29392403,0.27991602,0.27994445,0.2695442,0.27194434,0.26929086,0.2643806,0.2614049,0.25934213,0.27174383,0.3043756,0.30375794,0.29124793,0.2924673,0.2815265,0.28267357,0.28201482,0.27847674,0.27378207,0.27239934,0.27392164,0.27311656,0.2817736,0.29213437,0.30367345,0.30281377,0.29422653,0.29200682,0.29852813,0.29595175,0.29691136,0.29508814,0.2969261,0.297518,0.29442862,0.30328953,0.30826053,0.3230702,0.32674143,0.32807672,0.33045757,0.3307712,0.3281401,0.32577077,0.32220936,0.3205903,0.32199433,0.32559052,0.32922783,0.3326244,0.34784588,0.3581904,0.3544289,0.3483145,0.34964237,0.34716943,0.3490551,0.34287965,0.34882882,0.3428548,0.34442154,0.3451775,0.35544294,0.36824012,0.38153166,0.37116903,0.36520514,0.3579583,0.3609581,0.36929727,0.36953646,0.36861467,0.3729703,0.36722276,0.37100583,0.36992937,0.39061671,0.4037927,0.37414834,0.35625917
11/01/2052,0.030823514,0.040497232,0.043086633,0.045143377,0.045931052,0.045196496,0.044831786,0.044726282,0.04498655,0.044146717,0.042910792,0.040563956,0.040433023,0.040772565,0.058466494,0.07256964,0.07737907,0.07869472,0.08071016,0.07732796,0.07900174,0.078064494,0.07839124,0.07776197,0.07389196,0.06958579,0.069746666,0.0704957,0.09306464,0.109923564,0.113047525,0.1152562,0.115961455,0.11507352,0.11150516,0.109595664,0.11114918,0.10710499,0.10001926,0.09710235,0.10003574,0.10021284,0.125332,0.14242102,0.14435808,0.14461428,0.14386758,0.13764428,0.13815108,0.13615571,0.13575596,0.12988468,0.12274147,0.12001633,0.11820082,0.121303625,0.16114174,0.17073032,0.17049037,0.16857728,0.16744205,0.1587994,0.15720163,0.15330343,0.15222526,0.15267488,0.1403837,0.13794623,0.136896,0.13574226,0.2116838,0.21454786,0.21071413,0.21061054,0.20228446,0.19637915,0.19152953,0.1866966,0.1828869,0.1766006,0.16971259,0.15920132,0.15882434,0.16167365,0.24626605,0.25094464,0.24325189,0.23528627,0.22964586,0.2188324,0.21742436,0.20894626,0.20640656,0.20558704,0.18549809,0.1799814,0.17835915,0.18572311,0.28942427,0.27875268,0.27192134,0.2672468,0.25551286,0.24978349,0.2475098,0.2394983,0.23464473,0.22711967,0.21652158,0.2121828,0.20852047,0.20980471,0.3090476,0.2992319,0.28897494,0.2850907,0.27445135,0.27212757,0.2607458,0.25231424,0.247375,0.24117734,0.23415941,0.22932117,0.23133169,0.2321723,0.31967273,0.30661207,0.3030486,0.29059628,0.2844455,0.27646342,0.27010947,0.26538035,0.26255435,0.2587711,0.24236691,0.24295218,0.2410401,0.24395052,0.3203385,0.31013346,0.302105,0.2918001,0.293924,0.279916,0.27994442,0.26954415,0.2719443,0.26929083,0.26438057,0.26140484,0.25934207,0.2717438,0.30437556,0.3037579,0.2912479,0.29246727,0.28152648,0.28267354,0.28201476,0.27847672,0.27378204,0.2723993,0.2739216,0.2731165,0.28177354,0.2921343,0.30367342,0.30281374,0.2942265,0.2920068,0.2985281,0.29595172,0.2969113,0.29508808,0.29692605,0.29751793,0.29442856,0.3032895,0.30826047,0.32307014,0.32674137,0.32807666,0.3304575,0.33077115,0.32814005,0.3257707,0.32220933,0.32059023,0.32199425,0.32559046,0.32922775,0.33262432,0.3478458,0.3581903,0.3544288,0.34831443,0.3496423,0.34716937,0.34905505,0.3428796,0.34882876,0.3428547,0.34442148,0.34517744,0.35544285,0.36824003,0.38153157,0.37116894,0.36520502,0.35795817,0.36095798,0.36929718,0.36953634,0.36861458,0.37297022,0.36722264,0.3710057,0.36992928,0.39061663,0.4037926,0.37414825,0.3562591
